<?xml version="1.0" encoding="UTF-8"?>
<mvc:annotation-driven />
 
<context:component-scan  base-package="com.howtodoinjava.web" />
 
<bean class="org.springframework.web.servlet.view.ContentNegotiatingViewResolver">
    <property name="mediaTypes">
      <map>
          <entry key="html" value="text/html"></entry>
          <entry key="json" value="application/json"></entry>
          <entry key="xml"  value="application/xml"></entry>
      </map>
    </property>
     <property name="viewResolvers">
        <list>
          <bean class="org.springframework.web.servlet.view.UrlBasedViewResolver">
            <property name="viewClass" value="org.springframework.web.servlet.view.JstlView"></property>
            <property name="prefix" value="/WEB-INF/jsp/"></property>
            <property name="suffix" value=".jsp"></property>
          </bean>
        </list>
    </property>
</bean>