<?xml version="1.0" encoding="UTF-8"?>

<beans xmlns="http://www.springframework.org/schema/beans"
	xmlns:p="http://www.springframework.org/schema/p"
	xmlns:mvc="http://www.springframework.org/schema/mvc"
	xmlns:tx="http://www.springframework.org/schema/tx"
	xmlns:util="http://www.springframework.org/schema/util"
	xmlns:xsi="http://www.w3.org/2001/XMLSchema-instance"
	xmlns:context="http://www.springframework.org/schema/context"
	xsi:schemaLocation="
        http://www.springframework.org/schema/beans http://www.springframework.org/schema/beans/spring-beans.xsd
         http://www.springframework.org/schema/util http://www.springframework.org/schema/util/spring-util.xsd
        http://www.springframework.org/schema/context http://www.springframework.org/schema/context/spring-context.xsd
         http://www.springframework.org/schema/tx http://www.springframework.org/schema/tx/spring-tx.xsd
         http://www.springframework.org/schema/mvc http://www.springframework.org/schema/mvc/spring-mvc.xsd
        ">
        
        <!-- datasource, sessionfactory(inject our data source), transaction management -->
        
        <bean id="dataSource" 
        		class="org.springframework.jdbc.datasource.DriverManagerDataSource">
        	<property name="driverClassName" value="com.mysql.jdbc.Driver" />	 
        	<property name="url" value="jdbc:mysql://localhost:3306/springrest_db" />
        	<property name="username" value="root" />
        	<property name="password" value="Nawaz@100" />
        </bean>
        
        <bean id="sessionFactory"
        		class="org.springframework.orm.hibernate4.LocalSessionFactoryBean">
        	<property name="dataSource" ref="dataSource" />
        	<property name="annotatedClasses">
        		<list><!-- here hibernate is taking care of table creation so mention model -->
        			<value>com.springMVCRest.model.Payment</value>
        		</list>
        	</property>
        	<property name="hibernateProperties">
        		<props>
        			<prop key="hibernate.dialect">org.hibernate.dialect.MySQLDialect</prop>
        			<prop key="hibernate.show_sql">true</prop>
        			<prop key="hibernate.hbm2ddl.auto">update</prop>
        		</props>
        	</property>
        </bean>
        
        <bean id="transactionManager"
        		class="org.springframework.orm.hibernate4.HibernateTransactionManager">
        	<property name="sessionFactory" ref="sessionFactory"></property>
        
        </bean>
</beans>