<?xml version="1.0" encoding="UTF-8"?>

<beans xmlns="http://www.springframework.org/schema/beans"
	xmlns:p="http://www.springframework.org/schema/p"
	xmlns:mvc="http://www.springframework.org/schema/mvc"
	xmlns:tx="http://www.springframework.org/schema/tx"
	xmlns:util="http://www.springframework.org/schema/util"
	xmlns:xsi="http://www.w3.org/2001/XMLSchema-instance"
	xmlns:context="http://www.springframework.org/schema/context"
	xsi:schemaLocation="
        http://www.springframework.org/schema/beans http://www.springframework.org/schema/beans/spring-beans.xsd
         http://www.springframework.org/schema/util http://www.springframework.org/schema/util/spring-util.xsd
        http://www.springframework.org/schema/context http://www.springframework.org/schema/context/spring-context.xsd
         http://www.springframework.org/schema/tx http://www.springframework.org/schema/tx/spring-tx.xsd
         http://www.springframework.org/schema/mvc http://www.springframework.org/schema/mvc/spring-mvc.xsd
        ">


	<mvc:annotation-driven />
	
	<mvc:resources location="/WEB-INF/resources/"
		mapping="/resources/**" />

	<context:component-scan
		base-package="com.springmvc"></context:component-scan>

	
	<bean name="viewResolver"
		class="org.springframework.web.servlet.view.InternalResourceViewResolver">
		<property name="prefix" value="/WEB-INF/view/"></property>
		<property name="suffix" value=".jsp"></property>
	</bean>
	
	<tx:annotation-driven />
	
	<bean name="ds" 
		 class = "org.springframework.jdbc.datasource.DriverManagerDataSource">
		 <property name="driverClassName"
		 	value="com.mysql.jdbc.Driver"/>
		 
		 <property name="url" value="jdbc:mysql://localhost:3306/register_db" />
		 <property name="username" value="root" />
		 <property name="password" value="Nawaz@100" />	
	</bean>
	
	
	<bean name="jdbcTemplate"
		class="org.springframework.jdbc.core.JdbcTemplate">
		 <property name="dataSource" >
		 	<ref bean="ds" />
		 </property>
	</bean>
	
<!--   	<bean name="multipartResolver" 
		class="org.springframework.web.multipart.commons.CommonsMultipartFile">
	</bean> -->
	
	<mvc:interceptors>
		<mvc:interceptor>
			<mvc:mapping path="/user/*"/>
			<bean class="com.springmvc.intercepter.AuthHandlerIntercepter"></bean>
		</mvc:interceptor>
	</mvc:interceptors>


</beans> 